user_id,article_id,category,device,event_type,time_spent,timestamp,experiment_group
user_103,art_40,Teknologi,desktop,share_article,171,2025-04-09 12:54:33.303325,B
user_180,art_83,Teknologi,mobile,read_article,17,2025-04-15 12:54:33.303342,B
user_93,art_42,Politik,desktop,read_article,36,2025-04-11 12:54:33.303347,B
user_15,art_41,Hiburan,desktop,read_article,44,2025-03-31 12:54:33.303352,A
user_107,art_6,Hiburan,mobile,read_article,152,2025-03-31 12:54:33.303358,B
user_72,art_52,Teknologi,mobile,share_article,222,2025-04-01 12:54:33.303362,B
user_189,art_26,Politik,desktop,read_article,223,2025-04-02 12:54:33.303367,A
user_21,art_64,Hiburan,desktop,read_article,86,2025-03-28 12:54:33.303373,A
user_103,art_98,Politik,desktop,read_article,212,2025-04-15 12:54:33.303379,B
user_122,art_59,Politik,desktop,read_article,205,2025-04-02 12:54:33.303384,A
user_75,art_56,Politik,mobile,comment_submit,42,2025-03-29 12:54:33.303389,B
user_88,art_59,Olahraga,mobile,read_article,215,2025-04-14 12:54:33.303393,B
user_117,art_70,Politik,mobile,read_article,253,2025-04-22 12:54:33.303398,A
user_100,art_33,Olahraga,desktop,read_article,231,2025-04-17 12:54:33.303402,B
user_104,art_53,Teknologi,desktop,read_article,52,2025-03-31 12:54:33.303407,B
user_152,art_22,Hiburan,desktop,read_article,22,2025-04-04 12:54:33.303411,A
user_131,art_21,Hiburan,desktop,read_article,299,2025-03-31 12:54:33.303415,A
user_150,art_70,Hiburan,mobile,read_article,200,2025-04-12 12:54:33.303420,A
user_53,art_70,Hiburan,mobile,comment_submit,191,2025-04-12 12:54:33.303424,A
user_2,art_4,Hiburan,desktop,comment_submit,228,2025-03-31 12:54:33.303440,B
user_88,art_94,Hiburan,mobile,comment_submit,233,2025-03-24 12:54:33.303445,A
user_158,art_75,Hiburan,desktop,read_article,81,2025-04-10 12:54:33.303449,A
user_38,art_62,Teknologi,desktop,read_article,192,2025-04-12 12:54:33.303454,A
user_130,art_62,Politik,mobile,read_article,274,2025-04-05 12:54:33.303458,A
user_192,art_94,Ekonomi,desktop,comment_submit,99,2025-03-31 12:54:33.303462,A
user_188,art_95,Olahraga,desktop,read_article,136,2025-04-08 12:54:33.303467,B
user_21,art_24,Ekonomi,mobile,read_article,43,2025-04-22 12:54:33.303471,A
user_161,art_55,Ekonomi,desktop,read_article,76,2025-04-02 12:54:33.303476,B
user_58,art_9,Politik,desktop,read_article,285,2025-03-29 12:54:33.303480,A
user_22,art_3,Politik,mobile,read_article,164,2025-04-16 12:54:33.303485,A
user_89,art_31,Politik,desktop,read_article,191,2025-03-31 12:54:33.303492,A
user_49,art_40,Hiburan,mobile,comment_submit,195,2025-03-27 12:54:33.303500,A
user_59,art_36,Teknologi,desktop,read_article,124,2025-04-10 12:54:33.303507,A
user_170,art_24,Hiburan,mobile,read_article,224,2025-04-11 12:54:33.303515,A
user_188,art_95,Teknologi,mobile,read_article,57,2025-04-05 12:54:33.303523,A
user_15,art_6,Teknologi,mobile,read_article,226,2025-03-30 12:54:33.303530,A
user_190,art_66,Ekonomi,desktop,read_article,135,2025-04-04 12:54:33.303548,B
user_190,art_84,Ekonomi,mobile,comment_submit,241,2025-04-08 12:54:33.303553,A
user_175,art_92,Teknologi,mobile,read_article,250,2025-04-15 12:54:33.303557,B
user_190,art_75,Teknologi,mobile,comment_submit,230,2025-04-04 12:54:33.303562,A
user_51,art_4,Hiburan,mobile,read_article,212,2025-04-13 12:54:33.303570,B
user_108,art_79,Hiburan,mobile,read_article,100,2025-04-16 12:54:33.303578,A
user_55,art_6,Ekonomi,desktop,comment_submit,204,2025-04-05 12:54:33.303586,A
user_64,art_94,Politik,desktop,read_article,251,2025-04-07 12:54:33.303593,A
user_131,art_51,Teknologi,desktop,read_article,76,2025-04-03 12:54:33.303601,B
user_51,art_62,Hiburan,desktop,read_article,189,2025-03-27 12:54:33.303609,B
user_135,art_57,Ekonomi,desktop,read_article,10,2025-04-17 12:54:33.303616,B
user_21,art_66,Hiburan,desktop,comment_submit,210,2025-03-27 12:54:33.303624,B
user_73,art_79,Teknologi,desktop,read_article,36,2025-04-14 12:54:33.303633,A
user_167,art_75,Teknologi,mobile,comment_submit,103,2025-04-02 12:54:33.303637,A
user_18,art_8,Olahraga,desktop,comment_submit,260,2025-04-10 12:54:33.303644,A
user_132,art_26,Politik,mobile,read_article,191,2025-03-29 12:54:33.303648,B
user_89,art_51,Olahraga,mobile,share_article,80,2025-04-02 12:54:33.303652,A
user_60,art_45,Ekonomi,desktop,read_article,181,2025-03-28 12:54:33.303658,B
user_14,art_44,Hiburan,mobile,share_article,291,2025-04-15 12:54:33.303663,B
user_9,art_5,Ekonomi,mobile,read_article,259,2025-04-07 12:54:33.303667,B
user_90,art_70,Teknologi,mobile,read_article,194,2025-04-10 12:54:33.303671,B
user_53,art_26,Olahraga,mobile,read_article,131,2025-04-10 12:54:33.303676,B
user_130,art_68,Olahraga,desktop,read_article,291,2025-04-06 12:54:33.303680,A
user_84,art_19,Olahraga,desktop,read_article,258,2025-03-31 12:54:33.303684,B
user_92,art_84,Ekonomi,desktop,comment_submit,217,2025-04-03 12:54:33.303688,B
user_111,art_97,Teknologi,desktop,read_article,254,2025-04-18 12:54:33.303693,A
user_188,art_20,Hiburan,desktop,read_article,88,2025-04-01 12:54:33.303697,B
user_199,art_12,Hiburan,desktop,comment_submit,17,2025-04-02 12:54:33.303701,B
user_172,art_47,Ekonomi,desktop,read_article,49,2025-03-26 12:54:33.303706,A
user_8,art_1,Olahraga,desktop,share_article,131,2025-04-06 12:54:33.303711,A
user_175,art_90,Politik,desktop,comment_submit,118,2025-03-26 12:54:33.303715,A
user_35,art_14,Ekonomi,desktop,share_article,280,2025-04-14 12:54:33.303719,B
user_81,art_64,Ekonomi,mobile,comment_submit,209,2025-04-21 12:54:33.303723,A
user_164,art_38,Teknologi,desktop,read_article,277,2025-03-29 12:54:33.303727,A
user_50,art_37,Hiburan,mobile,read_article,62,2025-03-28 12:54:33.303741,A
user_104,art_11,Ekonomi,mobile,comment_submit,223,2025-04-05 12:54:33.303746,B
user_132,art_100,Ekonomi,mobile,read_article,113,2025-04-14 12:54:33.303750,A
user_2,art_77,Olahraga,mobile,read_article,283,2025-04-17 12:54:33.303754,B
user_134,art_3,Olahraga,desktop,read_article,178,2025-04-12 12:54:33.303759,B
user_54,art_33,Politik,mobile,share_article,268,2025-03-29 12:54:33.303763,A
user_106,art_6,Teknologi,desktop,read_article,115,2025-03-25 12:54:33.303767,B
user_4,art_50,Politik,desktop,read_article,191,2025-04-17 12:54:33.303772,B
user_54,art_10,Olahraga,mobile,read_article,273,2025-04-17 12:54:33.303776,A
user_191,art_5,Hiburan,desktop,read_article,233,2025-04-10 12:54:33.303781,B
user_146,art_23,Olahraga,mobile,read_article,160,2025-04-12 12:54:33.303785,A
user_44,art_10,Teknologi,mobile,read_article,193,2025-04-09 12:54:33.303789,B
user_162,art_44,Olahraga,desktop,read_article,276,2025-04-21 12:54:33.303794,B
user_190,art_2,Teknologi,desktop,comment_submit,6,2025-04-15 12:54:33.303798,A
user_14,art_13,Teknologi,mobile,read_article,250,2025-04-20 12:54:33.303802,A
user_95,art_40,Teknologi,desktop,comment_submit,214,2025-03-31 12:54:33.303814,B
user_48,art_2,Teknologi,desktop,comment_submit,290,2025-04-02 12:54:33.303819,B
user_15,art_84,Teknologi,desktop,read_article,17,2025-04-20 12:54:33.303823,A
user_200,art_65,Hiburan,mobile,read_article,100,2025-04-22 12:54:33.303827,B
user_190,art_63,Politik,mobile,read_article,225,2025-03-30 12:54:33.303832,B
user_40,art_73,Ekonomi,desktop,comment_submit,242,2025-04-04 12:54:33.303836,B
user_82,art_17,Politik,desktop,read_article,98,2025-04-05 12:54:33.303840,B
user_111,art_9,Teknologi,desktop,read_article,273,2025-04-06 12:54:33.303845,A
user_53,art_75,Hiburan,desktop,read_article,175,2025-04-03 12:54:33.303849,A
user_24,art_15,Olahraga,desktop,read_article,98,2025-03-25 12:54:33.303854,A
user_154,art_24,Hiburan,mobile,read_article,153,2025-03-30 12:54:33.303858,A
user_188,art_38,Teknologi,desktop,read_article,116,2025-04-10 12:54:33.303862,A
user_124,art_35,Hiburan,mobile,comment_submit,59,2025-04-20 12:54:33.303867,A
user_41,art_94,Hiburan,desktop,read_article,120,2025-03-24 12:54:33.303871,B
user_157,art_95,Teknologi,mobile,read_article,147,2025-04-22 12:54:33.303875,A
user_15,art_49,Hiburan,desktop,read_article,205,2025-04-19 12:54:33.303879,B
user_45,art_69,Ekonomi,mobile,comment_submit,184,2025-03-29 12:54:33.303884,B
user_65,art_62,Ekonomi,desktop,read_article,206,2025-04-10 12:54:33.303888,B
user_89,art_60,Hiburan,mobile,comment_submit,57,2025-04-06 12:54:33.303892,A
user_71,art_50,Olahraga,mobile,read_article,184,2025-03-26 12:54:33.303897,B
user_9,art_78,Teknologi,mobile,read_article,141,2025-03-24 12:54:33.303901,A
user_88,art_75,Ekonomi,mobile,read_article,186,2025-04-12 12:54:33.303905,B
user_129,art_9,Olahraga,mobile,read_article,5,2025-04-21 12:54:33.303910,B
user_136,art_34,Hiburan,mobile,read_article,48,2025-03-29 12:54:33.303914,A
user_63,art_76,Olahraga,desktop,read_article,231,2025-04-07 12:54:33.303920,B
user_139,art_99,Politik,mobile,comment_submit,102,2025-04-21 12:54:33.303924,B
user_81,art_35,Ekonomi,desktop,read_article,212,2025-03-25 12:54:33.303928,B
user_136,art_1,Hiburan,desktop,read_article,269,2025-04-04 12:54:33.303933,B
user_163,art_40,Teknologi,desktop,read_article,292,2025-03-31 12:54:33.303937,A
user_163,art_64,Hiburan,desktop,read_article,275,2025-04-04 12:54:33.303941,B
user_33,art_22,Teknologi,desktop,read_article,144,2025-03-29 12:54:33.303946,B
user_123,art_60,Hiburan,mobile,read_article,241,2025-04-07 12:54:33.303950,A
user_5,art_64,Olahraga,mobile,read_article,76,2025-04-01 12:54:33.303955,B
user_41,art_93,Olahraga,mobile,read_article,159,2025-04-04 12:54:33.303959,B
user_28,art_72,Olahraga,desktop,read_article,194,2025-04-14 12:54:33.303963,B
user_135,art_11,Politik,mobile,read_article,272,2025-04-22 12:54:33.303967,B
user_72,art_14,Teknologi,mobile,read_article,111,2025-04-13 12:54:33.303972,A
user_12,art_60,Olahraga,mobile,read_article,236,2025-04-04 12:54:33.303976,B
user_162,art_30,Politik,mobile,share_article,46,2025-04-22 12:54:33.303980,A
user_33,art_35,Teknologi,mobile,read_article,194,2025-04-21 12:54:33.303984,B
user_48,art_85,Hiburan,desktop,read_article,143,2025-04-07 12:54:33.303988,B
user_151,art_37,Politik,mobile,read_article,107,2025-04-11 12:54:33.303993,B
user_62,art_5,Ekonomi,desktop,comment_submit,175,2025-04-15 12:54:33.303997,A
user_37,art_83,Politik,desktop,comment_submit,277,2025-03-31 12:54:33.304001,B
user_99,art_78,Politik,desktop,read_article,225,2025-04-05 12:54:33.304007,B
user_172,art_26,Teknologi,desktop,share_article,217,2025-04-21 12:54:33.304012,A
user_104,art_62,Hiburan,desktop,read_article,60,2025-03-29 12:54:33.304016,A
user_35,art_4,Ekonomi,mobile,read_article,106,2025-03-25 12:54:33.304020,A
user_193,art_89,Olahraga,mobile,comment_submit,196,2025-04-10 12:54:33.304024,A
user_101,art_42,Olahraga,mobile,comment_submit,204,2025-04-17 12:54:33.304029,B
user_175,art_89,Politik,desktop,read_article,237,2025-04-02 12:54:33.304033,B
user_131,art_18,Teknologi,mobile,read_article,231,2025-03-28 12:54:33.304037,B
user_1,art_40,Teknologi,mobile,read_article,143,2025-04-17 12:54:33.304041,B
user_5,art_72,Olahraga,desktop,read_article,153,2025-04-14 12:54:33.304046,A
user_142,art_39,Ekonomi,desktop,comment_submit,119,2025-04-07 12:54:33.304050,B
user_103,art_14,Hiburan,desktop,read_article,67,2025-04-12 12:54:33.304054,B
user_27,art_32,Ekonomi,desktop,read_article,108,2025-04-16 12:54:33.304058,B
user_137,art_51,Hiburan,mobile,read_article,160,2025-04-13 12:54:33.304063,B
user_15,art_38,Olahraga,desktop,read_article,277,2025-04-13 12:54:33.304067,A
user_90,art_97,Hiburan,desktop,read_article,10,2025-03-24 12:54:33.304071,B
user_42,art_23,Teknologi,mobile,read_article,151,2025-03-29 12:54:33.304076,B
user_124,art_63,Politik,mobile,share_article,188,2025-04-03 12:54:33.304080,B
user_179,art_15,Politik,desktop,comment_submit,32,2025-04-05 12:54:33.304084,A
user_63,art_97,Olahraga,mobile,read_article,42,2025-03-26 12:54:33.304088,A
user_96,art_25,Teknologi,desktop,comment_submit,123,2025-03-30 12:54:33.304093,B
user_52,art_17,Ekonomi,desktop,comment_submit,297,2025-04-03 12:54:33.304098,B
user_96,art_97,Teknologi,mobile,comment_submit,248,2025-03-25 12:54:33.304102,B
user_132,art_66,Politik,mobile,read_article,72,2025-04-14 12:54:33.304106,A
user_151,art_78,Politik,desktop,read_article,218,2025-04-08 12:54:33.304110,B
user_143,art_53,Teknologi,desktop,read_article,222,2025-04-19 12:54:33.304115,B
user_171,art_51,Teknologi,desktop,read_article,181,2025-04-15 12:54:33.304119,B
user_29,art_39,Politik,mobile,read_article,168,2025-04-14 12:54:33.304123,A
user_36,art_51,Ekonomi,desktop,read_article,62,2025-04-10 12:54:33.304128,B
user_13,art_70,Olahraga,desktop,read_article,273,2025-04-14 12:54:33.304132,B
user_160,art_6,Olahraga,desktop,comment_submit,62,2025-03-28 12:54:33.304136,A
user_71,art_67,Teknologi,desktop,read_article,292,2025-04-19 12:54:33.304140,A
user_187,art_7,Olahraga,desktop,read_article,109,2025-04-06 12:54:33.304145,B
user_86,art_51,Politik,mobile,share_article,232,2025-04-07 12:54:33.304149,A
user_28,art_72,Politik,desktop,share_article,251,2025-04-08 12:54:33.304153,B
user_66,art_42,Teknologi,desktop,comment_submit,192,2025-04-20 12:54:33.304157,A
user_170,art_64,Teknologi,desktop,share_article,87,2025-03-29 12:54:33.304162,A
user_45,art_15,Teknologi,desktop,read_article,190,2025-04-03 12:54:33.304166,B
user_62,art_29,Ekonomi,mobile,share_article,256,2025-04-18 12:54:33.304170,B
user_185,art_33,Olahraga,mobile,read_article,242,2025-03-31 12:54:33.304175,B
user_134,art_94,Teknologi,mobile,read_article,188,2025-04-18 12:54:33.304179,A
user_28,art_27,Hiburan,desktop,read_article,288,2025-04-03 12:54:33.304183,B
user_28,art_36,Hiburan,desktop,read_article,214,2025-04-08 12:54:33.304188,B
user_108,art_29,Politik,mobile,read_article,101,2025-04-05 12:54:33.304192,B
user_44,art_38,Olahraga,mobile,read_article,212,2025-04-08 12:54:33.304197,B
user_84,art_57,Teknologi,mobile,comment_submit,141,2025-04-21 12:54:33.304201,B
user_30,art_97,Hiburan,desktop,read_article,188,2025-03-25 12:54:33.304206,A
user_190,art_27,Olahraga,desktop,read_article,80,2025-04-10 12:54:33.304210,B
user_75,art_55,Politik,mobile,comment_submit,291,2025-04-19 12:54:33.304215,B
user_128,art_33,Ekonomi,mobile,read_article,146,2025-04-13 12:54:33.304220,A
user_92,art_68,Olahraga,mobile,read_article,241,2025-04-10 12:54:33.304224,B
user_190,art_86,Olahraga,desktop,read_article,29,2025-04-13 12:54:33.304228,B
user_129,art_66,Ekonomi,desktop,read_article,294,2025-03-25 12:54:33.304233,B
user_121,art_10,Olahraga,desktop,read_article,71,2025-04-14 12:54:33.304237,B
user_27,art_5,Politik,mobile,share_article,254,2025-04-15 12:54:33.304243,B
user_190,art_74,Politik,mobile,read_article,122,2025-04-20 12:54:33.304251,A
user_121,art_97,Ekonomi,desktop,read_article,77,2025-04-07 12:54:33.304258,A
user_116,art_38,Teknologi,mobile,comment_submit,286,2025-04-09 12:54:33.304266,A
user_3,art_13,Hiburan,desktop,comment_submit,14,2025-04-14 12:54:33.304274,B
user_103,art_31,Teknologi,mobile,read_article,215,2025-03-24 12:54:33.304283,A
user_198,art_47,Olahraga,mobile,read_article,156,2025-04-02 12:54:33.304287,B
user_200,art_100,Hiburan,mobile,read_article,9,2025-04-12 12:54:33.304292,B
user_155,art_88,Ekonomi,mobile,read_article,199,2025-04-20 12:54:33.304296,B
user_137,art_52,Ekonomi,desktop,read_article,287,2025-04-18 12:54:33.304300,A
user_62,art_56,Hiburan,mobile,read_article,117,2025-03-25 12:54:33.304304,A
user_165,art_15,Politik,desktop,share_article,275,2025-04-13 12:54:33.304309,A
user_51,art_29,Hiburan,desktop,read_article,167,2025-04-10 12:54:33.304313,B
user_172,art_8,Olahraga,desktop,read_article,109,2025-04-19 12:54:33.304317,A
user_152,art_5,Politik,mobile,read_article,185,2025-03-30 12:54:33.304321,B
user_59,art_29,Ekonomi,desktop,read_article,48,2025-04-10 12:54:33.304326,A
user_118,art_47,Hiburan,desktop,read_article,286,2025-04-11 12:54:33.304330,A
user_160,art_68,Teknologi,desktop,read_article,179,2025-04-18 12:54:33.304334,B
user_96,art_76,Teknologi,mobile,comment_submit,166,2025-04-13 12:54:33.304339,B
user_180,art_45,Olahraga,mobile,read_article,144,2025-03-26 12:54:33.304343,A
user_113,art_2,Teknologi,desktop,read_article,136,2025-03-30 12:54:33.304348,A
user_62,art_27,Hiburan,mobile,read_article,91,2025-04-14 12:54:33.304352,A
user_186,art_95,Hiburan,desktop,read_article,180,2025-04-03 12:54:33.304356,B
user_52,art_36,Teknologi,desktop,read_article,187,2025-04-16 12:54:33.304360,B
user_12,art_36,Hiburan,mobile,read_article,133,2025-04-21 12:54:33.304365,A
user_39,art_26,Olahraga,desktop,read_article,250,2025-04-01 12:54:33.304369,A
user_130,art_43,Politik,mobile,read_article,93,2025-03-30 12:54:33.304373,B
user_131,art_27,Olahraga,mobile,comment_submit,70,2025-03-26 12:54:33.304377,A
user_113,art_69,Olahraga,desktop,share_article,162,2025-03-31 12:54:33.304382,B
user_101,art_20,Hiburan,mobile,comment_submit,153,2025-04-16 12:54:33.304386,B
user_113,art_11,Politik,mobile,comment_submit,120,2025-04-15 12:54:33.304390,B
user_184,art_74,Hiburan,desktop,read_article,218,2025-04-16 12:54:33.304394,B
user_81,art_38,Ekonomi,desktop,share_article,298,2025-04-02 12:54:33.304398,B
user_187,art_6,Hiburan,mobile,read_article,257,2025-03-31 12:54:33.304403,B
user_113,art_72,Hiburan,mobile,share_article,147,2025-03-25 12:54:33.304407,A
user_2,art_23,Hiburan,desktop,share_article,254,2025-04-09 12:54:33.304411,B
user_130,art_47,Politik,mobile,comment_submit,29,2025-03-28 12:54:33.304415,B
user_54,art_90,Hiburan,mobile,share_article,281,2025-04-04 12:54:33.304420,A
user_87,art_46,Politik,mobile,read_article,74,2025-04-18 12:54:33.304424,B
user_129,art_12,Teknologi,mobile,read_article,117,2025-03-31 12:54:33.304428,A
user_147,art_90,Ekonomi,mobile,read_article,116,2025-03-29 12:54:33.304432,B
user_126,art_13,Politik,mobile,read_article,95,2025-04-05 12:54:33.304436,A
user_130,art_62,Teknologi,mobile,read_article,22,2025-04-03 12:54:33.304441,A
user_53,art_82,Politik,desktop,read_article,153,2025-04-11 12:54:33.304445,B
user_172,art_89,Politik,desktop,share_article,231,2025-03-31 12:54:33.304450,B
user_160,art_97,Ekonomi,desktop,read_article,218,2025-04-06 12:54:33.304454,B
user_198,art_60,Olahraga,desktop,comment_submit,155,2025-04-10 12:54:33.304459,B
user_160,art_43,Olahraga,desktop,share_article,196,2025-04-21 12:54:33.304463,A
user_68,art_76,Politik,mobile,share_article,44,2025-03-29 12:54:33.304467,A
user_183,art_100,Hiburan,mobile,share_article,246,2025-04-10 12:54:33.304472,A
user_184,art_68,Teknologi,mobile,read_article,142,2025-03-28 12:54:33.304477,B
user_123,art_5,Hiburan,mobile,share_article,184,2025-04-16 12:54:33.304481,A
user_145,art_37,Hiburan,desktop,comment_submit,204,2025-03-26 12:54:33.304485,B
user_38,art_72,Politik,mobile,read_article,207,2025-04-13 12:54:33.304490,B
user_24,art_92,Politik,mobile,read_article,65,2025-03-31 12:54:33.304494,A
user_69,art_31,Politik,desktop,comment_submit,196,2025-04-17 12:54:33.304499,B
user_116,art_9,Politik,mobile,read_article,9,2025-04-20 12:54:33.304503,A
user_98,art_51,Olahraga,mobile,read_article,241,2025-03-28 12:54:33.304507,B
user_198,art_29,Politik,desktop,read_article,185,2025-04-20 12:54:33.304512,A
user_139,art_78,Olahraga,mobile,read_article,41,2025-04-05 12:54:33.304516,B
user_144,art_40,Olahraga,mobile,read_article,60,2025-04-12 12:54:33.304520,A
user_97,art_41,Politik,mobile,comment_submit,241,2025-04-01 12:54:33.304525,A
user_124,art_86,Ekonomi,mobile,read_article,201,2025-04-03 12:54:33.304529,B
user_187,art_11,Teknologi,mobile,read_article,77,2025-04-18 12:54:33.304533,B
user_70,art_23,Hiburan,desktop,read_article,63,2025-04-04 12:54:33.304537,A
user_93,art_1,Olahraga,desktop,read_article,244,2025-04-01 12:54:33.304542,B
user_3,art_46,Teknologi,desktop,share_article,6,2025-03-27 12:54:33.304546,B
user_148,art_21,Ekonomi,desktop,read_article,192,2025-03-26 12:54:33.304550,B
user_187,art_90,Hiburan,desktop,read_article,34,2025-04-04 12:54:33.304554,A
user_164,art_36,Hiburan,desktop,read_article,271,2025-03-24 12:54:33.304559,A
user_147,art_54,Olahraga,mobile,read_article,112,2025-04-08 12:54:33.304563,B
user_90,art_87,Politik,desktop,comment_submit,94,2025-03-24 12:54:33.304568,B
user_195,art_57,Ekonomi,desktop,comment_submit,209,2025-04-07 12:54:33.304573,A
user_147,art_1,Olahraga,mobile,read_article,224,2025-03-30 12:54:33.304578,B
user_148,art_63,Ekonomi,mobile,read_article,98,2025-04-14 12:54:33.304582,A
user_96,art_54,Politik,desktop,read_article,107,2025-04-19 12:54:33.304586,B
user_199,art_55,Politik,mobile,read_article,227,2025-04-08 12:54:33.304591,B
user_52,art_40,Olahraga,desktop,read_article,190,2025-03-29 12:54:33.304595,B
user_161,art_15,Politik,mobile,read_article,188,2025-04-11 12:54:33.304599,A
user_168,art_21,Teknologi,desktop,read_article,166,2025-03-31 12:54:33.304604,A
user_128,art_47,Hiburan,mobile,read_article,251,2025-04-20 12:54:33.304608,A
user_39,art_73,Olahraga,mobile,share_article,35,2025-03-31 12:54:33.304615,A
user_82,art_53,Ekonomi,desktop,share_article,56,2025-04-09 12:54:33.304624,B
user_104,art_9,Teknologi,desktop,read_article,80,2025-04-06 12:54:33.304633,B
user_129,art_74,Olahraga,desktop,comment_submit,282,2025-04-04 12:54:33.304637,A
user_11,art_52,Politik,desktop,read_article,44,2025-04-17 12:54:33.304642,B
user_185,art_57,Politik,desktop,read_article,105,2025-04-19 12:54:33.304646,B
user_178,art_26,Politik,mobile,comment_submit,115,2025-04-16 12:54:33.304650,A
user_151,art_41,Politik,desktop,share_article,253,2025-03-24 12:54:33.304655,B
user_159,art_35,Ekonomi,desktop,share_article,195,2025-04-04 12:54:33.304659,B
user_42,art_63,Teknologi,mobile,read_article,186,2025-04-06 12:54:33.304663,A
user_99,art_25,Hiburan,mobile,read_article,213,2025-03-29 12:54:33.304667,B
user_7,art_90,Ekonomi,desktop,comment_submit,26,2025-04-07 12:54:33.304673,B
user_144,art_75,Ekonomi,mobile,read_article,170,2025-04-08 12:54:33.304681,B
user_90,art_38,Hiburan,mobile,read_article,103,2025-04-01 12:54:33.304689,A
user_112,art_2,Hiburan,desktop,read_article,212,2025-04-15 12:54:33.304696,A
user_60,art_7,Politik,mobile,read_article,12,2025-04-04 12:54:33.304705,B
user_113,art_82,Ekonomi,mobile,read_article,194,2025-04-15 12:54:33.304711,B
user_2,art_91,Olahraga,desktop,read_article,179,2025-04-05 12:54:33.304715,B
user_129,art_34,Hiburan,desktop,share_article,277,2025-03-26 12:54:33.304719,A
user_48,art_91,Hiburan,mobile,read_article,21,2025-04-07 12:54:33.304724,A
user_140,art_17,Teknologi,mobile,read_article,94,2025-04-03 12:54:33.304729,A
user_197,art_43,Olahraga,desktop,read_article,145,2025-04-04 12:54:33.304733,B
user_37,art_59,Olahraga,mobile,read_article,149,2025-04-13 12:54:33.304738,B
user_160,art_51,Hiburan,mobile,read_article,170,2025-04-06 12:54:33.304742,B
user_9,art_54,Politik,mobile,read_article,82,2025-04-10 12:54:33.304746,B
user_99,art_24,Teknologi,desktop,comment_submit,266,2025-04-10 12:54:33.304750,B
user_147,art_25,Olahraga,mobile,read_article,167,2025-04-16 12:54:33.304755,A
user_48,art_71,Hiburan,mobile,share_article,18,2025-03-27 12:54:33.304759,B
user_131,art_52,Olahraga,desktop,read_article,243,2025-04-13 12:54:33.304763,B
user_148,art_70,Teknologi,mobile,read_article,76,2025-04-21 12:54:33.304768,B
user_152,art_88,Teknologi,mobile,read_article,147,2025-04-19 12:54:33.304772,A
user_54,art_33,Ekonomi,desktop,read_article,287,2025-03-29 12:54:33.304776,B
user_120,art_49,Hiburan,desktop,comment_submit,273,2025-04-17 12:54:33.304781,A
user_161,art_29,Teknologi,desktop,read_article,245,2025-03-30 12:54:33.304785,A
user_152,art_63,Ekonomi,desktop,read_article,249,2025-04-05 12:54:33.304789,A
user_116,art_22,Ekonomi,mobile,comment_submit,167,2025-03-31 12:54:33.304794,A
user_75,art_26,Olahraga,mobile,share_article,64,2025-04-17 12:54:33.304798,A
user_113,art_28,Olahraga,desktop,comment_submit,10,2025-03-25 12:54:33.304802,B
user_200,art_85,Ekonomi,desktop,read_article,201,2025-03-24 12:54:33.304807,B
user_164,art_49,Olahraga,mobile,comment_submit,62,2025-03-29 12:54:33.304811,A
user_166,art_71,Teknologi,desktop,read_article,221,2025-03-31 12:54:33.304816,A
user_104,art_81,Politik,mobile,read_article,30,2025-04-06 12:54:33.304820,A
user_84,art_84,Teknologi,desktop,read_article,9,2025-04-09 12:54:33.304824,B
user_112,art_49,Ekonomi,mobile,read_article,24,2025-03-30 12:54:33.304829,B
user_99,art_20,Ekonomi,desktop,read_article,202,2025-04-12 12:54:33.304833,A
user_153,art_86,Teknologi,desktop,read_article,63,2025-03-28 12:54:33.304839,B
user_93,art_92,Olahraga,mobile,comment_submit,246,2025-04-04 12:54:33.304843,B
user_146,art_63,Olahraga,desktop,read_article,150,2025-03-24 12:54:33.304847,A
user_128,art_61,Ekonomi,mobile,read_article,277,2025-04-21 12:54:33.304852,A
user_110,art_49,Hiburan,mobile,read_article,253,2025-03-26 12:54:33.304856,B
user_82,art_71,Olahraga,mobile,share_article,18,2025-04-20 12:54:33.304860,B
user_194,art_1,Teknologi,mobile,read_article,17,2025-04-12 12:54:33.304865,B
user_54,art_96,Olahraga,mobile,read_article,48,2025-04-17 12:54:33.304869,A
user_163,art_13,Teknologi,desktop,comment_submit,23,2025-03-25 12:54:33.304873,A
user_189,art_94,Ekonomi,desktop,comment_submit,67,2025-04-09 12:54:33.304877,A
user_169,art_87,Olahraga,mobile,read_article,243,2025-04-04 12:54:33.304882,B
user_161,art_51,Teknologi,desktop,read_article,104,2025-03-28 12:54:33.304886,B
user_68,art_56,Ekonomi,mobile,comment_submit,167,2025-04-07 12:54:33.304890,A
user_33,art_83,Hiburan,desktop,read_article,126,2025-04-02 12:54:33.304894,B
user_142,art_62,Teknologi,desktop,read_article,48,2025-04-01 12:54:33.304899,A
user_21,art_32,Hiburan,desktop,comment_submit,149,2025-03-30 12:54:33.304903,B
user_48,art_30,Hiburan,desktop,read_article,54,2025-04-16 12:54:33.304907,A
user_148,art_29,Politik,mobile,read_article,69,2025-03-24 12:54:33.304912,B
user_128,art_49,Olahraga,mobile,read_article,292,2025-03-27 12:54:33.304916,B
user_136,art_45,Teknologi,desktop,read_article,168,2025-04-15 12:54:33.304920,A
user_135,art_93,Hiburan,desktop,read_article,145,2025-04-04 12:54:33.304925,A
user_195,art_30,Politik,mobile,comment_submit,132,2025-04-03 12:54:33.304929,A
user_145,art_16,Ekonomi,desktop,read_article,243,2025-04-07 12:54:33.304933,A
user_128,art_40,Teknologi,mobile,read_article,191,2025-04-01 12:54:33.304937,A
user_33,art_19,Hiburan,mobile,read_article,212,2025-03-27 12:54:33.304942,B
user_176,art_18,Olahraga,mobile,read_article,224,2025-04-16 12:54:33.304946,A
user_187,art_1,Politik,desktop,share_article,194,2025-04-14 12:54:33.304950,A
user_115,art_78,Hiburan,mobile,read_article,288,2025-04-10 12:54:33.304955,A
user_119,art_47,Olahraga,desktop,read_article,241,2025-04-22 12:54:33.304959,A
user_22,art_66,Hiburan,mobile,read_article,198,2025-03-25 12:54:33.304963,A
user_158,art_92,Teknologi,desktop,read_article,291,2025-04-15 12:54:33.304967,B
user_38,art_94,Teknologi,desktop,read_article,263,2025-03-30 12:54:33.304972,A
user_109,art_38,Teknologi,desktop,comment_submit,250,2025-04-01 12:54:33.304976,A
user_51,art_51,Politik,mobile,share_article,140,2025-04-19 12:54:33.304981,A
user_182,art_63,Teknologi,mobile,read_article,284,2025-04-20 12:54:33.304985,B
user_8,art_4,Olahraga,desktop,read_article,275,2025-03-27 12:54:33.304989,B
user_27,art_1,Hiburan,desktop,comment_submit,175,2025-04-20 12:54:33.304994,A
user_27,art_8,Ekonomi,desktop,comment_submit,163,2025-04-01 12:54:33.304998,A
user_21,art_29,Olahraga,mobile,read_article,205,2025-04-10 12:54:33.305002,B
user_30,art_55,Olahraga,mobile,read_article,49,2025-04-15 12:54:33.305007,B
user_97,art_3,Teknologi,mobile,read_article,268,2025-04-16 12:54:33.305011,B
user_28,art_32,Politik,mobile,comment_submit,75,2025-03-27 12:54:33.305015,A
user_111,art_10,Hiburan,desktop,comment_submit,107,2025-04-22 12:54:33.305019,A
user_192,art_74,Politik,desktop,read_article,129,2025-03-27 12:54:33.305024,B
user_197,art_83,Hiburan,mobile,read_article,290,2025-04-07 12:54:33.305029,A
user_61,art_34,Hiburan,mobile,share_article,234,2025-04-17 12:54:33.305034,B
user_48,art_97,Politik,desktop,comment_submit,150,2025-04-16 12:54:33.305038,B
user_147,art_87,Olahraga,mobile,share_article,201,2025-04-11 12:54:33.305042,B
user_4,art_55,Hiburan,mobile,comment_submit,225,2025-03-31 12:54:33.305047,A
user_35,art_92,Politik,mobile,read_article,64,2025-04-14 12:54:33.305051,B
user_192,art_32,Hiburan,mobile,read_article,102,2025-03-27 12:54:33.305055,B
user_49,art_50,Ekonomi,mobile,read_article,175,2025-04-12 12:54:33.305060,A
user_17,art_7,Olahraga,mobile,read_article,177,2025-04-13 12:54:33.305064,B
user_172,art_93,Teknologi,desktop,read_article,155,2025-04-02 12:54:33.305068,A
user_158,art_8,Hiburan,mobile,comment_submit,126,2025-04-22 12:54:33.305072,B
user_46,art_65,Ekonomi,mobile,read_article,112,2025-04-05 12:54:33.305076,A
user_117,art_57,Teknologi,desktop,comment_submit,8,2025-04-19 12:54:33.305081,B
user_6,art_67,Teknologi,desktop,read_article,97,2025-04-18 12:54:33.305085,B
user_99,art_88,Hiburan,desktop,share_article,10,2025-04-14 12:54:33.305089,B
user_124,art_87,Politik,mobile,read_article,292,2025-03-27 12:54:33.305094,B
user_37,art_59,Hiburan,desktop,read_article,110,2025-04-06 12:54:33.305098,B
user_24,art_72,Ekonomi,mobile,read_article,150,2025-04-20 12:54:33.305102,A
user_93,art_54,Teknologi,mobile,read_article,275,2025-04-07 12:54:33.305106,A
user_46,art_67,Hiburan,mobile,comment_submit,100,2025-04-18 12:54:33.305114,B
user_181,art_51,Politik,desktop,comment_submit,233,2025-04-07 12:54:33.305122,B
user_95,art_97,Hiburan,desktop,read_article,206,2025-04-20 12:54:33.305129,B
user_99,art_92,Olahraga,desktop,read_article,216,2025-04-03 12:54:33.305137,A
user_188,art_8,Politik,desktop,read_article,10,2025-04-08 12:54:33.305146,A
user_116,art_34,Ekonomi,desktop,read_article,116,2025-03-24 12:54:33.305151,B
user_191,art_35,Teknologi,mobile,share_article,110,2025-04-20 12:54:33.305155,A
user_160,art_96,Hiburan,mobile,comment_submit,143,2025-04-03 12:54:33.305160,B
user_161,art_88,Politik,mobile,read_article,100,2025-04-09 12:54:33.305164,B
user_67,art_78,Olahraga,mobile,comment_submit,218,2025-04-07 12:54:33.305168,B
user_128,art_32,Politik,desktop,read_article,295,2025-03-25 12:54:33.305172,A
user_18,art_46,Olahraga,desktop,share_article,26,2025-03-25 12:54:33.305177,B
user_25,art_16,Ekonomi,mobile,read_article,197,2025-04-06 12:54:33.305181,B
user_54,art_68,Teknologi,desktop,comment_submit,154,2025-03-26 12:54:33.305185,B
user_58,art_37,Ekonomi,desktop,comment_submit,251,2025-03-30 12:54:33.305190,A
user_67,art_54,Hiburan,mobile,read_article,271,2025-04-03 12:54:33.305194,A
user_104,art_85,Politik,mobile,comment_submit,255,2025-03-31 12:54:33.305198,A
user_174,art_14,Olahraga,desktop,read_article,7,2025-04-05 12:54:33.305202,B
user_24,art_95,Olahraga,desktop,read_article,80,2025-04-05 12:54:33.305207,A
user_114,art_55,Politik,mobile,read_article,91,2025-04-01 12:54:33.305211,B
user_32,art_48,Politik,mobile,share_article,274,2025-04-09 12:54:33.305215,A
user_175,art_82,Hiburan,mobile,comment_submit,229,2025-04-05 12:54:33.305219,B
user_86,art_7,Ekonomi,desktop,comment_submit,22,2025-04-08 12:54:33.305224,A
user_151,art_74,Olahraga,mobile,comment_submit,117,2025-04-08 12:54:33.305228,B
user_194,art_7,Hiburan,mobile,read_article,255,2025-04-17 12:54:33.305232,A
user_127,art_33,Ekonomi,desktop,share_article,237,2025-03-27 12:54:33.305237,A
user_155,art_23,Hiburan,desktop,read_article,283,2025-04-08 12:54:33.305241,A
user_130,art_85,Olahraga,desktop,read_article,206,2025-04-05 12:54:33.305246,B
user_17,art_19,Politik,desktop,read_article,87,2025-04-19 12:54:33.305250,A
user_104,art_19,Politik,desktop,comment_submit,129,2025-03-31 12:54:33.305256,A
user_161,art_36,Ekonomi,mobile,comment_submit,179,2025-04-15 12:54:33.305260,A
user_137,art_29,Teknologi,mobile,read_article,73,2025-04-08 12:54:33.305265,A
user_43,art_60,Ekonomi,desktop,read_article,51,2025-04-20 12:54:33.305269,B
user_176,art_82,Teknologi,desktop,comment_submit,260,2025-03-24 12:54:33.305274,A
user_39,art_2,Hiburan,desktop,read_article,219,2025-04-08 12:54:33.305278,B
user_170,art_1,Hiburan,desktop,comment_submit,34,2025-04-10 12:54:33.305282,B
user_26,art_47,Olahraga,desktop,share_article,285,2025-04-14 12:54:33.305287,B
user_99,art_69,Teknologi,mobile,read_article,241,2025-04-21 12:54:33.305291,B
user_50,art_20,Olahraga,mobile,read_article,252,2025-03-30 12:54:33.305295,A
user_153,art_11,Politik,mobile,comment_submit,29,2025-04-15 12:54:33.305299,B
user_152,art_2,Teknologi,mobile,comment_submit,78,2025-03-25 12:54:33.305304,B
user_13,art_67,Ekonomi,desktop,read_article,210,2025-03-24 12:54:33.305308,B
user_60,art_87,Politik,mobile,share_article,98,2025-04-03 12:54:33.305312,B
user_135,art_12,Politik,desktop,read_article,131,2025-04-06 12:54:33.305317,A
user_57,art_20,Ekonomi,desktop,read_article,29,2025-04-10 12:54:33.305321,A
user_36,art_5,Politik,desktop,comment_submit,120,2025-04-22 12:54:33.305329,B
user_173,art_37,Teknologi,mobile,comment_submit,52,2025-04-21 12:54:33.305337,B
user_20,art_38,Olahraga,desktop,read_article,230,2025-03-24 12:54:33.305344,B
user_65,art_94,Politik,mobile,comment_submit,270,2025-04-08 12:54:33.305353,A
user_8,art_9,Teknologi,mobile,read_article,103,2025-04-11 12:54:33.305361,A
user_144,art_98,Hiburan,desktop,read_article,15,2025-04-09 12:54:33.305365,A
user_142,art_53,Teknologi,desktop,read_article,89,2025-03-29 12:54:33.305369,A
user_115,art_44,Olahraga,desktop,comment_submit,218,2025-03-25 12:54:33.305374,A
user_143,art_99,Teknologi,mobile,read_article,177,2025-04-21 12:54:33.305378,B
user_92,art_86,Ekonomi,desktop,read_article,213,2025-04-05 12:54:33.305382,A
user_98,art_24,Olahraga,mobile,read_article,68,2025-04-01 12:54:33.305387,A
user_66,art_81,Hiburan,desktop,comment_submit,262,2025-04-16 12:54:33.305391,B
user_32,art_74,Ekonomi,desktop,read_article,125,2025-03-25 12:54:33.305396,A
user_191,art_30,Teknologi,mobile,comment_submit,58,2025-03-31 12:54:33.305400,A
user_86,art_59,Olahraga,mobile,read_article,276,2025-03-25 12:54:33.305404,A
user_51,art_87,Hiburan,mobile,read_article,245,2025-03-29 12:54:33.305409,B
user_153,art_96,Ekonomi,mobile,read_article,247,2025-04-17 12:54:33.305413,A
user_186,art_81,Hiburan,mobile,comment_submit,22,2025-04-09 12:54:33.305417,B
user_63,art_81,Teknologi,mobile,share_article,191,2025-04-15 12:54:33.305422,B
user_190,art_14,Hiburan,desktop,read_article,148,2025-03-27 12:54:33.305426,A
user_125,art_9,Politik,desktop,read_article,266,2025-04-01 12:54:33.305430,A
user_150,art_40,Ekonomi,mobile,read_article,243,2025-04-21 12:54:33.305434,A
user_58,art_66,Hiburan,desktop,read_article,80,2025-04-06 12:54:33.305439,A
user_58,art_25,Teknologi,mobile,read_article,192,2025-04-18 12:54:33.305443,B
user_86,art_73,Teknologi,desktop,read_article,250,2025-04-09 12:54:33.305447,A
user_49,art_22,Hiburan,desktop,read_article,134,2025-03-29 12:54:33.305451,B
user_180,art_4,Teknologi,mobile,read_article,287,2025-03-30 12:54:33.305455,B
user_170,art_26,Olahraga,mobile,read_article,83,2025-03-24 12:54:33.305460,B
user_70,art_58,Olahraga,mobile,comment_submit,76,2025-03-25 12:54:33.305464,B
user_15,art_29,Olahraga,desktop,read_article,267,2025-04-03 12:54:33.305468,B
user_54,art_98,Politik,mobile,read_article,195,2025-04-02 12:54:33.305472,A
user_188,art_87,Hiburan,desktop,comment_submit,67,2025-03-25 12:54:33.305477,B
user_101,art_37,Politik,mobile,read_article,16,2025-04-02 12:54:33.305481,B
user_8,art_75,Teknologi,desktop,read_article,145,2025-04-01 12:54:33.305485,A
user_53,art_70,Politik,desktop,read_article,258,2025-04-20 12:54:33.305490,A
user_60,art_18,Teknologi,mobile,read_article,47,2025-04-18 12:54:33.305494,B
user_108,art_85,Teknologi,desktop,read_article,21,2025-04-07 12:54:33.305498,B
user_5,art_42,Ekonomi,desktop,read_article,67,2025-04-05 12:54:33.305503,A
user_103,art_100,Olahraga,mobile,share_article,257,2025-03-28 12:54:33.305507,B
user_196,art_41,Teknologi,desktop,read_article,296,2025-04-06 12:54:33.305512,A
user_6,art_38,Ekonomi,mobile,read_article,12,2025-04-12 12:54:33.305518,A
user_109,art_34,Olahraga,mobile,read_article,94,2025-04-06 12:54:33.305522,B
user_116,art_17,Teknologi,mobile,read_article,212,2025-04-07 12:54:33.305526,A
user_94,art_37,Teknologi,mobile,read_article,296,2025-03-28 12:54:33.305531,B
user_47,art_25,Politik,desktop,comment_submit,288,2025-03-31 12:54:33.305535,B
user_99,art_76,Politik,desktop,read_article,122,2025-04-21 12:54:33.305539,B
user_55,art_87,Olahraga,desktop,read_article,179,2025-04-19 12:54:33.305543,A
user_168,art_86,Teknologi,mobile,read_article,80,2025-04-02 12:54:33.305548,B
user_52,art_85,Hiburan,desktop,read_article,105,2025-04-16 12:54:33.305552,A
user_144,art_27,Politik,desktop,share_article,155,2025-04-21 12:54:33.305556,B
user_13,art_57,Olahraga,mobile,read_article,274,2025-03-24 12:54:33.305560,B
user_114,art_31,Teknologi,mobile,read_article,75,2025-04-17 12:54:33.305565,A
user_124,art_6,Teknologi,desktop,read_article,184,2025-04-06 12:54:33.305569,B
user_106,art_91,Hiburan,mobile,share_article,128,2025-04-16 12:54:33.305573,B
user_158,art_40,Olahraga,mobile,read_article,297,2025-03-29 12:54:33.305578,A
user_147,art_98,Teknologi,mobile,read_article,289,2025-04-18 12:54:33.305582,A
user_145,art_12,Politik,mobile,comment_submit,199,2025-04-18 12:54:33.305586,A
user_120,art_53,Hiburan,desktop,comment_submit,232,2025-04-03 12:54:33.305590,B
user_63,art_71,Olahraga,mobile,read_article,279,2025-04-07 12:54:33.305594,A
user_19,art_10,Hiburan,mobile,read_article,110,2025-04-04 12:54:33.305600,A
user_92,art_45,Politik,mobile,read_article,25,2025-04-14 12:54:33.305604,B
user_58,art_17,Olahraga,mobile,read_article,68,2025-04-18 12:54:33.305608,A
user_183,art_26,Hiburan,mobile,read_article,169,2025-04-15 12:54:33.305613,B
user_90,art_85,Ekonomi,mobile,read_article,31,2025-04-14 12:54:33.305617,B
user_117,art_92,Politik,mobile,read_article,289,2025-04-18 12:54:33.305621,A
user_62,art_62,Politik,mobile,read_article,152,2025-04-13 12:54:33.305625,B
user_23,art_46,Politik,desktop,read_article,285,2025-03-29 12:54:33.305630,A
user_127,art_64,Ekonomi,mobile,share_article,168,2025-04-21 12:54:33.305634,A
user_137,art_2,Ekonomi,desktop,read_article,228,2025-04-14 12:54:33.305638,A
user_140,art_54,Teknologi,mobile,read_article,276,2025-04-12 12:54:33.305643,A
user_129,art_65,Hiburan,mobile,read_article,150,2025-04-19 12:54:33.305647,B
user_58,art_51,Teknologi,mobile,share_article,34,2025-04-01 12:54:33.305651,B
user_122,art_53,Hiburan,mobile,read_article,49,2025-04-01 12:54:33.305655,A
user_1,art_36,Ekonomi,desktop,read_article,279,2025-04-01 12:54:33.305660,A
user_34,art_26,Ekonomi,mobile,read_article,38,2025-04-21 12:54:33.305664,B
user_96,art_29,Teknologi,mobile,read_article,145,2025-03-31 12:54:33.305668,A
user_126,art_21,Olahraga,desktop,read_article,225,2025-03-25 12:54:33.305672,B
user_118,art_11,Teknologi,desktop,read_article,26,2025-04-17 12:54:33.305677,A
user_48,art_40,Hiburan,mobile,read_article,184,2025-03-27 12:54:33.305685,B
user_89,art_11,Teknologi,desktop,share_article,235,2025-04-09 12:54:33.305693,B
user_117,art_36,Politik,desktop,read_article,42,2025-04-22 12:54:33.305701,B
user_129,art_59,Hiburan,desktop,read_article,74,2025-04-05 12:54:33.305705,A
user_16,art_39,Hiburan,mobile,comment_submit,120,2025-04-16 12:54:33.305710,A
user_189,art_99,Olahraga,mobile,read_article,243,2025-04-22 12:54:33.305714,A
user_192,art_54,Ekonomi,mobile,read_article,152,2025-04-22 12:54:33.305718,A
user_191,art_98,Hiburan,desktop,read_article,13,2025-04-22 12:54:33.305722,A
user_69,art_55,Ekonomi,mobile,read_article,292,2025-03-30 12:54:33.305726,B
user_22,art_24,Teknologi,desktop,comment_submit,54,2025-04-19 12:54:33.305732,B
user_93,art_22,Politik,mobile,share_article,9,2025-04-19 12:54:33.305736,B
user_195,art_69,Olahraga,mobile,read_article,130,2025-03-25 12:54:33.305741,B
user_76,art_56,Ekonomi,desktop,read_article,79,2025-04-05 12:54:33.305745,B
user_154,art_33,Hiburan,mobile,share_article,169,2025-03-27 12:54:33.305753,B
user_144,art_36,Ekonomi,desktop,comment_submit,282,2025-04-12 12:54:33.305761,B
user_179,art_20,Hiburan,desktop,comment_submit,294,2025-03-27 12:54:33.305769,A
user_86,art_83,Ekonomi,mobile,read_article,81,2025-04-22 12:54:33.305777,B
user_185,art_99,Hiburan,desktop,read_article,141,2025-03-26 12:54:33.305785,A
user_29,art_81,Teknologi,mobile,comment_submit,110,2025-04-13 12:54:33.305793,B
user_69,art_62,Hiburan,mobile,read_article,99,2025-04-14 12:54:33.305799,B
user_47,art_98,Hiburan,desktop,read_article,139,2025-03-31 12:54:33.305803,A
user_94,art_73,Politik,mobile,read_article,72,2025-04-19 12:54:33.305808,B
user_190,art_26,Hiburan,desktop,read_article,151,2025-03-26 12:54:33.305812,A
user_197,art_66,Politik,mobile,read_article,163,2025-04-17 12:54:33.305816,B
user_144,art_73,Olahraga,mobile,read_article,167,2025-03-24 12:54:33.305821,A
user_176,art_73,Politik,mobile,share_article,193,2025-04-07 12:54:33.305825,B
user_85,art_40,Teknologi,mobile,read_article,99,2025-04-21 12:54:33.305829,A
user_39,art_17,Politik,mobile,comment_submit,185,2025-03-31 12:54:33.305834,A
user_100,art_1,Olahraga,desktop,read_article,292,2025-04-05 12:54:33.305838,B
user_33,art_89,Teknologi,desktop,read_article,191,2025-04-13 12:54:33.305842,B
user_101,art_61,Ekonomi,desktop,share_article,142,2025-03-30 12:54:33.305846,A
user_23,art_43,Ekonomi,desktop,read_article,134,2025-03-30 12:54:33.305851,B
user_10,art_42,Politik,desktop,read_article,198,2025-04-06 12:54:33.305855,A
user_69,art_25,Politik,desktop,read_article,277,2025-04-10 12:54:33.305859,B
user_100,art_39,Olahraga,mobile,read_article,148,2025-03-30 12:54:33.305864,A
user_34,art_35,Olahraga,mobile,comment_submit,20,2025-04-05 12:54:33.305868,B
user_180,art_3,Hiburan,desktop,share_article,249,2025-04-01 12:54:33.305873,A
user_138,art_44,Olahraga,desktop,read_article,111,2025-04-10 12:54:33.305877,B
user_147,art_51,Hiburan,mobile,read_article,92,2025-04-06 12:54:33.305881,A
user_186,art_94,Teknologi,mobile,read_article,133,2025-04-18 12:54:33.305885,A
user_96,art_98,Politik,mobile,comment_submit,8,2025-04-12 12:54:33.305890,B
user_1,art_12,Teknologi,desktop,read_article,99,2025-04-16 12:54:33.305895,B
user_69,art_19,Olahraga,desktop,read_article,213,2025-03-25 12:54:33.305899,A
user_4,art_44,Teknologi,desktop,read_article,229,2025-04-13 12:54:33.305903,A
user_16,art_59,Teknologi,mobile,read_article,51,2025-04-06 12:54:33.305908,A
user_24,art_49,Teknologi,mobile,read_article,185,2025-04-08 12:54:33.305912,A
user_80,art_61,Olahraga,desktop,comment_submit,110,2025-04-05 12:54:33.305916,B
user_2,art_17,Teknologi,desktop,read_article,203,2025-03-31 12:54:33.305920,A
user_128,art_74,Hiburan,mobile,read_article,110,2025-04-01 12:54:33.305925,A
user_160,art_57,Olahraga,mobile,comment_submit,284,2025-04-04 12:54:33.305929,A
user_84,art_55,Teknologi,mobile,comment_submit,264,2025-03-24 12:54:33.305933,B
user_152,art_47,Olahraga,mobile,read_article,112,2025-03-28 12:54:33.305937,A
user_140,art_12,Ekonomi,desktop,read_article,23,2025-04-21 12:54:33.305942,B
user_178,art_62,Hiburan,mobile,read_article,175,2025-03-28 12:54:33.305946,B
user_163,art_80,Teknologi,mobile,read_article,199,2025-04-19 12:54:33.305950,B
user_124,art_88,Ekonomi,mobile,read_article,16,2025-04-20 12:54:33.305955,B
user_33,art_83,Ekonomi,desktop,read_article,199,2025-04-16 12:54:33.305959,B
user_161,art_8,Olahraga,desktop,read_article,287,2025-03-30 12:54:33.305963,B
user_189,art_95,Ekonomi,mobile,comment_submit,186,2025-04-05 12:54:33.305967,B
user_179,art_21,Hiburan,mobile,read_article,148,2025-04-13 12:54:33.305972,A
user_171,art_81,Hiburan,mobile,read_article,186,2025-04-16 12:54:33.305976,A
user_101,art_87,Politik,desktop,read_article,34,2025-04-15 12:54:33.305980,B
user_12,art_80,Hiburan,desktop,share_article,88,2025-04-17 12:54:33.305985,A
user_67,art_70,Ekonomi,desktop,comment_submit,170,2025-04-01 12:54:33.305989,A
user_65,art_72,Hiburan,mobile,comment_submit,288,2025-03-28 12:54:33.305993,B
user_161,art_25,Olahraga,desktop,comment_submit,285,2025-04-22 12:54:33.305997,A
user_168,art_82,Politik,mobile,share_article,100,2025-04-19 12:54:33.306001,B
user_74,art_89,Ekonomi,mobile,read_article,270,2025-04-09 12:54:33.306006,A
user_43,art_12,Politik,mobile,read_article,229,2025-04-06 12:54:33.306010,B
user_44,art_15,Ekonomi,desktop,read_article,46,2025-04-03 12:54:33.306014,B
user_29,art_59,Olahraga,mobile,comment_submit,250,2025-04-05 12:54:33.306019,A
user_141,art_26,Politik,desktop,comment_submit,212,2025-04-12 12:54:33.306023,A
user_12,art_26,Teknologi,desktop,read_article,241,2025-03-25 12:54:33.306027,B
user_95,art_47,Ekonomi,mobile,read_article,26,2025-04-02 12:54:33.306031,B
user_46,art_32,Teknologi,mobile,read_article,189,2025-03-28 12:54:33.306036,B
user_130,art_10,Politik,desktop,share_article,246,2025-04-09 12:54:33.306040,A
user_35,art_16,Teknologi,mobile,read_article,287,2025-04-14 12:54:33.306044,A
user_81,art_71,Teknologi,desktop,read_article,45,2025-03-27 12:54:33.306048,A
user_90,art_17,Politik,mobile,read_article,166,2025-04-08 12:54:33.306053,A
user_8,art_23,Olahraga,desktop,read_article,164,2025-04-11 12:54:33.306057,B
user_93,art_26,Teknologi,desktop,comment_submit,93,2025-04-13 12:54:33.306061,B
user_154,art_85,Teknologi,desktop,read_article,16,2025-04-04 12:54:33.306065,B
user_90,art_86,Olahraga,desktop,comment_submit,77,2025-03-30 12:54:33.306070,B
user_162,art_7,Teknologi,mobile,read_article,80,2025-04-04 12:54:33.306074,A
user_115,art_14,Teknologi,mobile,read_article,205,2025-04-17 12:54:33.306078,B
user_105,art_79,Teknologi,desktop,read_article,14,2025-04-03 12:54:33.306083,B
user_135,art_7,Hiburan,desktop,comment_submit,230,2025-03-30 12:54:33.306087,A
user_196,art_9,Olahraga,mobile,read_article,180,2025-03-27 12:54:33.306091,A
user_58,art_48,Teknologi,mobile,read_article,280,2025-04-17 12:54:33.306096,B
user_114,art_72,Olahraga,mobile,read_article,43,2025-04-15 12:54:33.306100,A
user_75,art_59,Ekonomi,mobile,share_article,64,2025-04-22 12:54:33.306104,B
user_157,art_87,Ekonomi,mobile,read_article,70,2025-04-01 12:54:33.306108,A
user_120,art_93,Teknologi,mobile,comment_submit,128,2025-04-06 12:54:33.306113,A
user_164,art_82,Olahraga,desktop,read_article,168,2025-04-06 12:54:33.306117,B
user_21,art_95,Olahraga,mobile,read_article,163,2025-03-30 12:54:33.306121,A
user_164,art_94,Olahraga,mobile,read_article,61,2025-04-08 12:54:33.306125,B
user_138,art_39,Hiburan,desktop,read_article,82,2025-04-16 12:54:33.306130,A
user_101,art_99,Ekonomi,mobile,read_article,198,2025-04-04 12:54:33.306134,A
user_152,art_18,Olahraga,mobile,read_article,289,2025-04-01 12:54:33.306140,A
user_192,art_59,Olahraga,mobile,read_article,19,2025-03-29 12:54:33.306144,A
user_177,art_17,Hiburan,mobile,share_article,16,2025-03-31 12:54:33.306149,A
user_99,art_14,Hiburan,mobile,read_article,105,2025-03-26 12:54:33.306153,B
user_36,art_31,Olahraga,desktop,comment_submit,160,2025-04-20 12:54:33.306157,A
user_96,art_24,Politik,mobile,read_article,129,2025-03-24 12:54:33.306162,B
user_152,art_99,Olahraga,desktop,read_article,284,2025-03-24 12:54:33.306166,A
user_151,art_60,Olahraga,desktop,read_article,114,2025-03-25 12:54:33.306170,B
user_190,art_45,Hiburan,mobile,read_article,150,2025-04-01 12:54:33.306175,A
user_37,art_98,Hiburan,desktop,read_article,220,2025-04-12 12:54:33.306179,B
user_12,art_3,Olahraga,mobile,read_article,166,2025-04-03 12:54:33.306183,B
user_113,art_37,Olahraga,desktop,read_article,132,2025-03-24 12:54:33.306188,A
user_183,art_43,Olahraga,desktop,read_article,154,2025-03-25 12:54:33.306196,A
user_13,art_40,Hiburan,mobile,comment_submit,40,2025-04-04 12:54:33.306204,A
user_23,art_90,Olahraga,mobile,comment_submit,177,2025-04-14 12:54:33.306212,B
user_99,art_55,Olahraga,mobile,read_article,26,2025-04-13 12:54:33.306220,B
user_105,art_87,Teknologi,mobile,read_article,210,2025-04-21 12:54:33.306227,A
user_30,art_39,Politik,mobile,read_article,131,2025-04-22 12:54:33.306231,A
user_17,art_15,Ekonomi,desktop,read_article,221,2025-03-24 12:54:33.306235,B
user_113,art_4,Politik,desktop,read_article,100,2025-04-07 12:54:33.306240,B
user_62,art_93,Teknologi,desktop,read_article,168,2025-04-05 12:54:33.306244,A
user_84,art_86,Ekonomi,desktop,read_article,152,2025-03-31 12:54:33.306248,B
user_112,art_25,Olahraga,desktop,read_article,22,2025-03-28 12:54:33.306252,A
user_86,art_13,Teknologi,desktop,read_article,298,2025-04-06 12:54:33.306257,A
user_141,art_82,Olahraga,desktop,comment_submit,199,2025-04-17 12:54:33.306261,A
user_187,art_33,Hiburan,mobile,comment_submit,155,2025-04-09 12:54:33.306265,B
user_19,art_16,Teknologi,mobile,read_article,127,2025-03-31 12:54:33.306270,B
user_177,art_42,Hiburan,desktop,share_article,191,2025-03-29 12:54:33.306274,B
user_100,art_66,Teknologi,desktop,share_article,153,2025-04-08 12:54:33.306278,B
user_140,art_55,Teknologi,mobile,read_article,108,2025-04-09 12:54:33.306283,A
user_189,art_99,Hiburan,mobile,read_article,247,2025-03-30 12:54:33.306288,B
user_147,art_42,Ekonomi,mobile,read_article,235,2025-04-01 12:54:33.306292,A
user_76,art_34,Politik,mobile,share_article,210,2025-04-20 12:54:33.306296,A
user_9,art_30,Olahraga,desktop,comment_submit,202,2025-03-30 12:54:33.306301,A
user_199,art_13,Teknologi,mobile,read_article,91,2025-03-31 12:54:33.306305,B
user_28,art_13,Olahraga,desktop,read_article,146,2025-04-04 12:54:33.306309,A
user_128,art_18,Hiburan,desktop,read_article,203,2025-03-29 12:54:33.306314,A
user_52,art_32,Olahraga,desktop,read_article,50,2025-04-11 12:54:33.306318,B
user_83,art_96,Hiburan,mobile,read_article,292,2025-04-21 12:54:33.306323,A
user_111,art_99,Olahraga,mobile,comment_submit,19,2025-04-20 12:54:33.306327,B
user_144,art_39,Politik,desktop,read_article,48,2025-04-05 12:54:33.306331,B
user_117,art_46,Politik,desktop,comment_submit,173,2025-03-25 12:54:33.306335,B
user_69,art_29,Politik,desktop,comment_submit,48,2025-04-22 12:54:33.306340,A
user_99,art_62,Politik,mobile,comment_submit,102,2025-04-03 12:54:33.306344,B
user_140,art_93,Politik,desktop,read_article,265,2025-04-02 12:54:33.306348,B
user_25,art_62,Politik,mobile,read_article,113,2025-03-25 12:54:33.306352,B
user_180,art_57,Hiburan,desktop,read_article,287,2025-04-17 12:54:33.306357,B
user_123,art_16,Teknologi,desktop,read_article,108,2025-04-18 12:54:33.306361,A
user_53,art_56,Olahraga,desktop,read_article,260,2025-04-22 12:54:33.306365,B
user_151,art_10,Politik,mobile,read_article,210,2025-04-04 12:54:33.306369,A
user_144,art_30,Hiburan,mobile,read_article,47,2025-04-22 12:54:33.306374,B
user_57,art_25,Hiburan,desktop,read_article,249,2025-03-27 12:54:33.306378,A
user_39,art_84,Hiburan,mobile,read_article,291,2025-04-02 12:54:33.306465,B
user_109,art_5,Teknologi,desktop,read_article,277,2025-04-02 12:54:33.306471,A
user_181,art_65,Olahraga,mobile,comment_submit,87,2025-04-07 12:54:33.306476,B
user_42,art_94,Teknologi,mobile,comment_submit,114,2025-04-11 12:54:33.306480,A
user_186,art_49,Ekonomi,mobile,read_article,194,2025-03-27 12:54:33.306484,A
user_167,art_3,Hiburan,desktop,read_article,292,2025-03-25 12:54:33.306489,A
user_142,art_45,Ekonomi,mobile,read_article,255,2025-04-01 12:54:33.306493,B
user_122,art_14,Politik,mobile,read_article,216,2025-04-15 12:54:33.306498,A
user_133,art_30,Politik,desktop,read_article,295,2025-03-28 12:54:33.306502,A
user_163,art_68,Teknologi,desktop,comment_submit,137,2025-04-07 12:54:33.306506,A
user_75,art_18,Olahraga,desktop,read_article,205,2025-03-26 12:54:33.306511,A
user_146,art_62,Ekonomi,desktop,read_article,289,2025-04-22 12:54:33.306515,B
user_76,art_37,Olahraga,mobile,read_article,99,2025-04-19 12:54:33.306520,A
user_9,art_25,Teknologi,mobile,read_article,282,2025-04-13 12:54:33.306524,A
user_74,art_48,Politik,mobile,read_article,223,2025-04-12 12:54:33.306528,A
user_186,art_65,Olahraga,mobile,read_article,93,2025-04-06 12:54:33.306533,B
user_145,art_53,Olahraga,mobile,read_article,76,2025-03-29 12:54:33.306537,A
user_7,art_79,Politik,desktop,read_article,251,2025-03-27 12:54:33.306541,A
user_174,art_73,Ekonomi,mobile,read_article,133,2025-03-31 12:54:33.306546,A
user_141,art_15,Politik,mobile,read_article,216,2025-04-16 12:54:33.306550,A
user_168,art_49,Olahraga,mobile,read_article,100,2025-04-11 12:54:33.306554,B
user_170,art_88,Ekonomi,desktop,share_article,79,2025-04-02 12:54:33.306559,A
user_137,art_68,Ekonomi,desktop,read_article,58,2025-04-16 12:54:33.306563,A
user_178,art_12,Politik,mobile,read_article,58,2025-04-11 12:54:33.306567,B
user_27,art_59,Olahraga,desktop,read_article,222,2025-04-08 12:54:33.306571,B
user_122,art_37,Teknologi,desktop,read_article,20,2025-04-21 12:54:33.306576,B
user_194,art_61,Olahraga,desktop,read_article,103,2025-04-09 12:54:33.306580,A
user_5,art_43,Hiburan,desktop,read_article,24,2025-04-10 12:54:33.306584,B
user_29,art_70,Teknologi,desktop,comment_submit,50,2025-04-19 12:54:33.306589,A
user_165,art_39,Ekonomi,desktop,read_article,197,2025-04-09 12:54:33.306593,B
user_166,art_56,Teknologi,desktop,read_article,62,2025-04-09 12:54:33.306597,A
user_83,art_63,Ekonomi,mobile,read_article,115,2025-04-07 12:54:33.306602,B
user_136,art_46,Ekonomi,mobile,comment_submit,133,2025-04-16 12:54:33.306606,A
user_109,art_88,Teknologi,desktop,read_article,198,2025-04-04 12:54:33.306611,B
user_65,art_11,Ekonomi,mobile,read_article,12,2025-04-21 12:54:33.306615,A
user_86,art_62,Ekonomi,mobile,read_article,33,2025-04-13 12:54:33.306620,A
user_145,art_77,Hiburan,desktop,read_article,116,2025-04-05 12:54:33.306624,A
user_71,art_98,Olahraga,mobile,read_article,165,2025-03-25 12:54:33.306628,A
user_45,art_25,Olahraga,desktop,read_article,135,2025-04-06 12:54:33.306633,A
user_132,art_71,Hiburan,desktop,read_article,192,2025-04-18 12:54:33.306637,A
user_36,art_52,Teknologi,desktop,read_article,167,2025-04-11 12:54:33.306641,A
user_70,art_4,Politik,mobile,read_article,201,2025-04-17 12:54:33.306645,A
user_159,art_59,Politik,mobile,read_article,208,2025-04-01 12:54:33.306650,B
user_19,art_72,Politik,mobile,comment_submit,216,2025-04-14 12:54:33.306654,A
user_189,art_20,Hiburan,mobile,read_article,113,2025-04-03 12:54:33.306658,A
user_108,art_93,Hiburan,desktop,read_article,280,2025-04-22 12:54:33.306662,B
user_182,art_63,Ekonomi,desktop,read_article,77,2025-04-01 12:54:33.306667,A
user_167,art_54,Politik,mobile,read_article,171,2025-04-08 12:54:33.306671,B
user_91,art_74,Teknologi,desktop,comment_submit,264,2025-04-02 12:54:33.306675,A
user_90,art_98,Teknologi,desktop,read_article,247,2025-03-28 12:54:33.306679,B
user_19,art_57,Politik,mobile,read_article,279,2025-04-17 12:54:33.306684,B
user_39,art_90,Politik,desktop,read_article,106,2025-04-04 12:54:33.306697,A
user_126,art_41,Politik,mobile,read_article,177,2025-04-05 12:54:33.306701,B
user_195,art_3,Hiburan,desktop,read_article,175,2025-04-17 12:54:33.306706,A
user_173,art_6,Hiburan,mobile,read_article,145,2025-04-10 12:54:33.306710,A
user_141,art_5,Hiburan,desktop,read_article,192,2025-04-22 12:54:33.306714,A
user_126,art_5,Olahraga,desktop,comment_submit,90,2025-03-31 12:54:33.306719,A
user_58,art_54,Teknologi,mobile,read_article,56,2025-03-31 12:54:33.306723,B
user_148,art_47,Teknologi,mobile,comment_submit,115,2025-03-28 12:54:33.306727,A
user_200,art_87,Ekonomi,mobile,comment_submit,47,2025-04-10 12:54:33.306731,B
user_61,art_49,Hiburan,mobile,comment_submit,215,2025-04-16 12:54:33.306736,B
user_127,art_9,Olahraga,desktop,read_article,204,2025-04-08 12:54:33.306740,A
user_105,art_99,Olahraga,desktop,read_article,244,2025-04-11 12:54:33.306744,A
user_167,art_20,Teknologi,mobile,comment_submit,119,2025-03-27 12:54:33.306748,A
user_1,art_61,Hiburan,desktop,read_article,30,2025-03-28 12:54:33.306753,A
user_131,art_35,Ekonomi,mobile,read_article,81,2025-04-22 12:54:33.306757,B
user_92,art_50,Hiburan,mobile,comment_submit,141,2025-04-08 12:54:33.306763,A
user_190,art_82,Politik,desktop,comment_submit,24,2025-04-19 12:54:33.306771,B
user_191,art_62,Hiburan,desktop,read_article,215,2025-04-10 12:54:33.306780,A
user_113,art_17,Politik,mobile,read_article,244,2025-03-31 12:54:33.306786,A
user_153,art_88,Politik,mobile,read_article,43,2025-03-27 12:54:33.306791,A
user_56,art_3,Ekonomi,mobile,comment_submit,272,2025-03-29 12:54:33.306795,A
user_161,art_32,Teknologi,desktop,share_article,211,2025-04-18 12:54:33.306799,B
user_166,art_99,Hiburan,desktop,read_article,271,2025-03-25 12:54:33.306804,B
user_117,art_13,Politik,desktop,read_article,158,2025-04-21 12:54:33.306808,A
user_134,art_89,Hiburan,desktop,comment_submit,46,2025-03-31 12:54:33.306812,B
user_58,art_73,Teknologi,mobile,read_article,15,2025-03-28 12:54:33.306816,B
user_44,art_68,Teknologi,mobile,read_article,298,2025-04-22 12:54:33.306821,A
user_173,art_14,Olahraga,mobile,share_article,102,2025-04-07 12:54:33.306825,A
user_160,art_98,Teknologi,mobile,read_article,279,2025-03-31 12:54:33.306829,B
user_173,art_11,Ekonomi,mobile,read_article,234,2025-04-17 12:54:33.306833,B
user_61,art_56,Politik,mobile,read_article,224,2025-03-31 12:54:33.306839,B
user_47,art_67,Olahraga,desktop,read_article,69,2025-04-07 12:54:33.306847,B
user_149,art_92,Ekonomi,desktop,comment_submit,236,2025-04-09 12:54:33.306855,A
user_80,art_29,Hiburan,mobile,read_article,56,2025-03-25 12:54:33.306865,A
user_118,art_9,Politik,mobile,share_article,267,2025-03-28 12:54:33.306873,B
user_164,art_67,Teknologi,desktop,read_article,271,2025-04-20 12:54:33.306878,A
user_147,art_25,Politik,desktop,read_article,158,2025-04-08 12:54:33.306882,B
user_20,art_98,Hiburan,desktop,read_article,144,2025-04-20 12:54:33.306887,B
user_185,art_76,Olahraga,desktop,read_article,55,2025-03-31 12:54:33.306891,A
user_146,art_42,Olahraga,mobile,read_article,121,2025-03-25 12:54:33.306895,B
user_47,art_9,Olahraga,mobile,read_article,50,2025-04-21 12:54:33.306900,B
user_49,art_79,Teknologi,mobile,read_article,92,2025-04-22 12:54:33.306904,A
user_14,art_40,Ekonomi,mobile,read_article,212,2025-04-14 12:54:33.306910,A
user_143,art_25,Ekonomi,mobile,comment_submit,273,2025-04-14 12:54:33.306914,B
user_159,art_5,Politik,desktop,read_article,93,2025-03-31 12:54:33.306918,B
user_1,art_11,Teknologi,mobile,comment_submit,122,2025-04-16 12:54:33.306923,A
user_117,art_59,Olahraga,desktop,read_article,58,2025-04-20 12:54:33.306927,B
user_54,art_98,Olahraga,mobile,read_article,120,2025-03-28 12:54:33.306931,B
user_118,art_88,Hiburan,mobile,read_article,122,2025-04-05 12:54:33.306935,A
user_3,art_79,Hiburan,mobile,read_article,264,2025-04-12 12:54:33.306940,A
user_144,art_38,Olahraga,mobile,read_article,79,2025-04-16 12:54:33.306944,A
user_185,art_72,Olahraga,mobile,comment_submit,11,2025-04-14 12:54:33.306948,A
user_12,art_5,Teknologi,desktop,comment_submit,126,2025-04-22 12:54:33.306952,A
user_74,art_48,Ekonomi,desktop,read_article,15,2025-03-25 12:54:33.306957,A
user_16,art_90,Hiburan,desktop,read_article,219,2025-04-09 12:54:33.306961,B
user_200,art_18,Ekonomi,mobile,comment_submit,283,2025-04-03 12:54:33.306965,B
user_102,art_70,Teknologi,mobile,read_article,32,2025-04-17 12:54:33.306969,A
user_152,art_37,Olahraga,desktop,comment_submit,239,2025-04-16 12:54:33.306974,A
user_156,art_60,Ekonomi,mobile,comment_submit,30,2025-04-13 12:54:33.306978,B
user_117,art_48,Olahraga,mobile,comment_submit,58,2025-04-16 12:54:33.306982,B
user_8,art_77,Olahraga,desktop,read_article,33,2025-03-28 12:54:33.306986,B
user_122,art_28,Politik,mobile,read_article,168,2025-04-21 12:54:33.306991,A
user_92,art_69,Ekonomi,desktop,read_article,274,2025-03-24 12:54:33.306995,A
user_164,art_77,Ekonomi,mobile,read_article,39,2025-04-19 12:54:33.306999,B
user_90,art_81,Olahraga,desktop,comment_submit,290,2025-04-02 12:54:33.307004,A
user_136,art_40,Teknologi,mobile,read_article,277,2025-03-24 12:54:33.307009,A
user_186,art_45,Politik,mobile,read_article,212,2025-03-26 12:54:33.307014,A
user_60,art_96,Olahraga,desktop,comment_submit,242,2025-04-06 12:54:33.307018,B
user_178,art_62,Hiburan,mobile,comment_submit,97,2025-04-22 12:54:33.307023,B
user_28,art_93,Hiburan,mobile,share_article,177,2025-04-13 12:54:33.307027,A
user_101,art_58,Politik,desktop,comment_submit,83,2025-04-04 12:54:33.307031,A
user_41,art_67,Teknologi,mobile,read_article,114,2025-04-08 12:54:33.307035,A
user_192,art_56,Olahraga,desktop,read_article,221,2025-04-13 12:54:33.307040,A
user_155,art_40,Ekonomi,mobile,comment_submit,110,2025-04-04 12:54:33.307044,A
user_191,art_98,Politik,mobile,read_article,51,2025-04-11 12:54:33.307048,B
user_145,art_40,Teknologi,mobile,read_article,185,2025-03-30 12:54:33.307052,A
user_161,art_91,Ekonomi,mobile,read_article,68,2025-04-07 12:54:33.307057,A
user_157,art_77,Hiburan,desktop,read_article,250,2025-04-14 12:54:33.307061,A
user_141,art_33,Hiburan,mobile,comment_submit,248,2025-04-08 12:54:33.307066,B
user_46,art_6,Ekonomi,desktop,read_article,91,2025-03-24 12:54:33.307070,B
user_35,art_88,Politik,mobile,read_article,221,2025-03-27 12:54:33.307074,A
user_134,art_19,Hiburan,mobile,read_article,11,2025-03-26 12:54:33.307079,B
user_82,art_80,Olahraga,mobile,read_article,282,2025-04-06 12:54:33.307083,B
user_115,art_40,Ekonomi,mobile,read_article,214,2025-04-09 12:54:33.307088,B
user_197,art_92,Ekonomi,desktop,read_article,173,2025-03-27 12:54:33.307092,B
user_47,art_97,Hiburan,desktop,share_article,142,2025-04-05 12:54:33.307096,B
user_153,art_59,Politik,desktop,read_article,234,2025-03-28 12:54:33.307100,B
user_194,art_59,Olahraga,desktop,read_article,165,2025-04-21 12:54:33.307105,A
user_10,art_48,Politik,mobile,read_article,5,2025-04-19 12:54:33.307109,B
user_56,art_41,Teknologi,desktop,read_article,240,2025-04-05 12:54:33.307113,B
user_30,art_13,Teknologi,desktop,read_article,192,2025-04-16 12:54:33.307118,A
user_109,art_45,Hiburan,mobile,comment_submit,8,2025-04-10 12:54:33.307122,A
user_5,art_89,Hiburan,mobile,read_article,136,2025-04-08 12:54:33.307126,A
user_119,art_53,Hiburan,mobile,comment_submit,222,2025-03-29 12:54:33.307130,A
user_33,art_42,Teknologi,mobile,read_article,264,2025-03-31 12:54:33.307135,B
user_118,art_100,Politik,desktop,read_article,5,2025-03-26 12:54:33.307139,B
user_65,art_63,Politik,desktop,read_article,75,2025-04-01 12:54:33.307146,B
user_146,art_27,Hiburan,mobile,share_article,182,2025-03-28 12:54:33.307150,B
user_177,art_38,Olahraga,mobile,read_article,193,2025-04-22 12:54:33.307154,A
user_11,art_60,Politik,mobile,read_article,295,2025-04-12 12:54:33.307159,B
user_85,art_7,Teknologi,desktop,read_article,12,2025-04-13 12:54:33.307163,B
user_26,art_5,Ekonomi,desktop,read_article,257,2025-03-29 12:54:33.307167,A
user_63,art_45,Ekonomi,mobile,read_article,296,2025-04-18 12:54:33.307172,B
user_86,art_58,Ekonomi,mobile,read_article,248,2025-04-07 12:54:33.307176,B
user_59,art_31,Olahraga,desktop,read_article,127,2025-04-12 12:54:33.307180,B
user_27,art_23,Hiburan,mobile,read_article,287,2025-04-02 12:54:33.307184,B
user_177,art_42,Teknologi,mobile,read_article,36,2025-04-17 12:54:33.307189,A
user_161,art_10,Olahraga,desktop,comment_submit,150,2025-04-14 12:54:33.307193,A
user_98,art_32,Teknologi,mobile,comment_submit,160,2025-04-10 12:54:33.307197,A
user_105,art_53,Teknologi,desktop,comment_submit,20,2025-03-30 12:54:33.307201,A
user_99,art_30,Hiburan,mobile,read_article,51,2025-04-15 12:54:33.307206,A
user_129,art_39,Ekonomi,mobile,read_article,255,2025-04-09 12:54:33.307210,B
user_149,art_31,Hiburan,desktop,read_article,191,2025-03-30 12:54:33.307214,B
user_55,art_82,Olahraga,desktop,read_article,35,2025-04-22 12:54:33.307218,A
user_6,art_100,Olahraga,mobile,read_article,264,2025-04-06 12:54:33.307223,A
user_197,art_2,Olahraga,desktop,read_article,21,2025-03-30 12:54:33.307227,A
user_95,art_78,Hiburan,mobile,read_article,43,2025-04-18 12:54:33.307231,B
user_133,art_77,Teknologi,mobile,read_article,43,2025-03-29 12:54:33.307235,A
user_102,art_93,Teknologi,desktop,comment_submit,136,2025-04-21 12:54:33.307240,B
user_3,art_12,Politik,mobile,read_article,34,2025-03-29 12:54:33.307244,B
user_181,art_39,Olahraga,mobile,read_article,162,2025-03-26 12:54:33.307248,B
user_23,art_66,Teknologi,desktop,read_article,282,2025-03-24 12:54:33.307253,B
user_53,art_96,Politik,desktop,read_article,207,2025-03-30 12:54:33.307257,A
user_165,art_13,Teknologi,mobile,read_article,70,2025-04-14 12:54:33.307261,B
user_83,art_46,Olahraga,desktop,comment_submit,112,2025-04-19 12:54:33.307267,B
user_145,art_27,Ekonomi,desktop,comment_submit,272,2025-04-06 12:54:33.307275,A
user_85,art_17,Olahraga,desktop,read_article,226,2025-04-06 12:54:33.307283,B
user_78,art_95,Hiburan,desktop,share_article,296,2025-04-02 12:54:33.307291,B
user_110,art_98,Teknologi,mobile,share_article,22,2025-04-05 12:54:33.307299,B
user_1,art_60,Teknologi,mobile,comment_submit,94,2025-04-07 12:54:33.307304,A
user_51,art_64,Hiburan,mobile,comment_submit,185,2025-03-24 12:54:33.307308,B
user_173,art_88,Hiburan,desktop,read_article,259,2025-04-15 12:54:33.307312,B
user_4,art_35,Ekonomi,desktop,read_article,257,2025-03-28 12:54:33.307317,A
user_190,art_70,Teknologi,desktop,read_article,261,2025-04-12 12:54:33.307321,A
user_193,art_83,Teknologi,desktop,read_article,91,2025-04-02 12:54:33.307326,B
user_113,art_30,Ekonomi,desktop,share_article,94,2025-04-02 12:54:33.307330,B
user_32,art_71,Politik,desktop,read_article,241,2025-04-05 12:54:33.307334,A
user_34,art_74,Ekonomi,desktop,comment_submit,74,2025-03-31 12:54:33.307338,B
user_92,art_96,Olahraga,mobile,comment_submit,48,2025-03-25 12:54:33.307343,A
user_95,art_98,Teknologi,mobile,comment_submit,204,2025-03-30 12:54:33.307347,B
user_72,art_63,Hiburan,desktop,share_article,156,2025-04-13 12:54:33.307352,A
user_39,art_28,Olahraga,desktop,read_article,90,2025-04-10 12:54:33.307356,B
user_154,art_60,Teknologi,desktop,read_article,23,2025-04-06 12:54:33.307360,A
user_162,art_79,Ekonomi,mobile,read_article,105,2025-04-05 12:54:33.307364,A
user_182,art_94,Olahraga,mobile,read_article,99,2025-04-13 12:54:33.307368,A
user_118,art_37,Teknologi,desktop,read_article,258,2025-04-07 12:54:33.307373,A
user_3,art_93,Politik,desktop,read_article,34,2025-04-03 12:54:33.307377,A
user_123,art_22,Politik,mobile,comment_submit,253,2025-04-18 12:54:33.307381,B
user_50,art_68,Hiburan,mobile,read_article,37,2025-04-10 12:54:33.307385,B
user_12,art_20,Teknologi,mobile,read_article,233,2025-04-05 12:54:33.307389,A
user_193,art_96,Politik,mobile,read_article,16,2025-04-06 12:54:33.307394,B
user_54,art_100,Ekonomi,desktop,read_article,122,2025-04-14 12:54:33.307398,B
user_133,art_68,Teknologi,mobile,read_article,159,2025-04-09 12:54:33.307403,B
user_57,art_91,Ekonomi,mobile,comment_submit,250,2025-04-06 12:54:33.307410,B
user_145,art_64,Ekonomi,desktop,read_article,251,2025-03-25 12:54:33.307418,B
user_112,art_17,Politik,mobile,comment_submit,33,2025-04-19 12:54:33.307426,B
user_47,art_12,Teknologi,mobile,read_article,165,2025-04-05 12:54:33.307432,A
user_151,art_22,Olahraga,mobile,comment_submit,239,2025-03-27 12:54:33.307437,B
user_85,art_17,Politik,desktop,read_article,194,2025-04-03 12:54:33.307441,B
user_142,art_10,Politik,mobile,read_article,121,2025-03-30 12:54:33.307445,B
user_66,art_65,Teknologi,desktop,read_article,275,2025-03-30 12:54:33.307450,A
user_75,art_22,Teknologi,desktop,comment_submit,262,2025-04-08 12:54:33.307454,B
user_179,art_90,Ekonomi,mobile,read_article,184,2025-04-12 12:54:33.307458,B
user_103,art_82,Teknologi,mobile,read_article,176,2025-04-11 12:54:33.307462,B
user_166,art_50,Ekonomi,mobile,share_article,278,2025-04-14 12:54:33.307467,A
user_192,art_14,Politik,mobile,comment_submit,263,2025-04-10 12:54:33.307473,B
user_38,art_64,Hiburan,desktop,read_article,139,2025-04-08 12:54:33.307480,A
user_50,art_47,Olahraga,mobile,comment_submit,175,2025-03-27 12:54:33.307488,B
user_98,art_29,Politik,mobile,read_article,214,2025-04-08 12:54:33.307496,A
user_82,art_76,Teknologi,mobile,read_article,240,2025-03-26 12:54:33.307504,A
user_30,art_36,Olahraga,desktop,read_article,190,2025-04-18 12:54:33.307510,A
user_79,art_99,Hiburan,mobile,share_article,99,2025-03-31 12:54:33.307515,B
user_91,art_52,Hiburan,mobile,share_article,15,2025-04-04 12:54:33.307519,A
user_179,art_76,Ekonomi,desktop,read_article,72,2025-03-28 12:54:33.307523,A
user_191,art_7,Olahraga,desktop,read_article,214,2025-04-03 12:54:33.307528,A
user_52,art_29,Ekonomi,mobile,read_article,200,2025-03-28 12:54:33.307532,A
user_166,art_11,Politik,mobile,share_article,102,2025-03-29 12:54:33.307536,B
user_79,art_33,Olahraga,mobile,share_article,97,2025-03-28 12:54:33.307541,B
user_30,art_6,Politik,mobile,read_article,26,2025-03-28 12:54:33.307545,B
user_106,art_79,Ekonomi,mobile,comment_submit,176,2025-04-09 12:54:33.307549,B
user_51,art_32,Olahraga,desktop,comment_submit,138,2025-03-26 12:54:33.307554,A
user_81,art_51,Ekonomi,desktop,read_article,29,2025-04-06 12:54:33.307558,B
user_133,art_75,Olahraga,mobile,read_article,189,2025-04-05 12:54:33.307562,A
user_29,art_58,Ekonomi,mobile,read_article,89,2025-04-02 12:54:33.307567,B
user_132,art_87,Hiburan,desktop,read_article,59,2025-04-20 12:54:33.307571,B
user_138,art_26,Ekonomi,mobile,read_article,255,2025-04-21 12:54:33.307576,B
user_184,art_98,Hiburan,mobile,read_article,148,2025-04-22 12:54:33.307580,A
user_145,art_46,Ekonomi,mobile,share_article,171,2025-04-13 12:54:33.307584,B
user_74,art_98,Olahraga,mobile,read_article,228,2025-04-04 12:54:33.307588,B
user_17,art_29,Olahraga,mobile,read_article,224,2025-04-06 12:54:33.307593,B
user_84,art_4,Olahraga,desktop,read_article,183,2025-04-11 12:54:33.307597,A
user_69,art_81,Teknologi,mobile,read_article,123,2025-04-22 12:54:33.307603,B
user_34,art_99,Politik,mobile,read_article,269,2025-04-11 12:54:33.307611,B
user_6,art_13,Olahraga,mobile,read_article,154,2025-04-06 12:54:33.307618,A
user_53,art_39,Hiburan,desktop,read_article,219,2025-03-30 12:54:33.307625,A
user_194,art_15,Olahraga,desktop,read_article,201,2025-04-20 12:54:33.307632,B
user_126,art_29,Teknologi,desktop,read_article,46,2025-04-12 12:54:33.307641,B
user_43,art_29,Hiburan,desktop,read_article,57,2025-04-06 12:54:33.307649,B
user_115,art_75,Teknologi,mobile,comment_submit,255,2025-03-31 12:54:33.307656,A
user_111,art_32,Hiburan,desktop,read_article,299,2025-03-28 12:54:33.307664,A
user_151,art_2,Ekonomi,mobile,read_article,275,2025-04-20 12:54:33.307671,A
user_183,art_47,Politik,mobile,comment_submit,127,2025-04-15 12:54:33.307680,B
user_80,art_78,Politik,desktop,read_article,270,2025-04-03 12:54:33.307684,A
user_95,art_84,Teknologi,desktop,read_article,33,2025-04-19 12:54:33.307689,B
user_118,art_22,Politik,desktop,comment_submit,39,2025-04-02 12:54:33.307693,A
user_144,art_75,Teknologi,desktop,read_article,10,2025-04-01 12:54:33.307697,A
user_8,art_27,Teknologi,desktop,read_article,115,2025-04-16 12:54:33.307702,A
user_132,art_67,Teknologi,mobile,comment_submit,298,2025-04-09 12:54:33.307706,B
user_104,art_81,Politik,desktop,comment_submit,81,2025-04-09 12:54:33.307710,B
user_132,art_56,Teknologi,desktop,share_article,151,2025-04-19 12:54:33.307715,B
user_184,art_92,Politik,desktop,read_article,71,2025-04-07 12:54:33.307719,B
user_25,art_93,Teknologi,mobile,read_article,12,2025-03-30 12:54:33.307723,A
user_195,art_21,Olahraga,desktop,read_article,126,2025-03-25 12:54:33.307728,B
user_96,art_47,Teknologi,mobile,read_article,179,2025-04-01 12:54:33.307732,A
user_195,art_80,Hiburan,desktop,read_article,183,2025-03-24 12:54:33.307736,B
user_155,art_59,Teknologi,desktop,read_article,89,2025-04-22 12:54:33.307740,B
user_93,art_84,Ekonomi,mobile,share_article,49,2025-04-06 12:54:33.307745,A
user_160,art_6,Teknologi,desktop,read_article,140,2025-03-29 12:54:33.307749,A
user_178,art_19,Hiburan,mobile,read_article,20,2025-04-13 12:54:33.307753,B
user_61,art_57,Hiburan,mobile,read_article,199,2025-04-01 12:54:33.307757,B
user_122,art_69,Politik,mobile,read_article,13,2025-04-07 12:54:33.307762,A
user_51,art_3,Olahraga,desktop,read_article,19,2025-04-07 12:54:33.307766,A
user_147,art_1,Teknologi,desktop,read_article,106,2025-03-28 12:54:33.307770,A
user_21,art_58,Politik,desktop,read_article,230,2025-04-15 12:54:33.307774,A
user_5,art_38,Olahraga,mobile,read_article,282,2025-03-25 12:54:33.307778,A
user_92,art_15,Teknologi,desktop,comment_submit,117,2025-04-16 12:54:33.307783,B
user_170,art_34,Ekonomi,mobile,comment_submit,5,2025-03-26 12:54:33.307787,B
user_61,art_61,Teknologi,desktop,read_article,270,2025-04-17 12:54:33.307791,B
user_22,art_35,Hiburan,mobile,read_article,212,2025-04-07 12:54:33.307795,B
user_149,art_64,Hiburan,mobile,comment_submit,114,2025-04-03 12:54:33.307800,A
user_70,art_25,Ekonomi,mobile,comment_submit,204,2025-04-07 12:54:33.307804,A
user_1,art_24,Politik,desktop,read_article,16,2025-04-16 12:54:33.307808,A
user_133,art_12,Olahraga,mobile,comment_submit,192,2025-04-14 12:54:33.307812,B
user_12,art_18,Teknologi,mobile,read_article,158,2025-04-09 12:54:33.307817,A
user_90,art_15,Hiburan,mobile,comment_submit,283,2025-04-12 12:54:33.307821,A
user_46,art_80,Politik,mobile,share_article,175,2025-03-28 12:54:33.307826,B
user_34,art_27,Ekonomi,mobile,read_article,138,2025-03-28 12:54:33.307831,B
user_177,art_72,Hiburan,mobile,comment_submit,29,2025-04-09 12:54:33.307839,B
user_78,art_60,Ekonomi,desktop,read_article,22,2025-04-16 12:54:33.307847,A
user_45,art_46,Teknologi,desktop,share_article,194,2025-04-22 12:54:33.307854,A
user_155,art_89,Olahraga,mobile,read_article,145,2025-03-28 12:54:33.307859,B
user_73,art_17,Hiburan,desktop,comment_submit,47,2025-03-29 12:54:33.307863,B
user_26,art_93,Hiburan,desktop,read_article,288,2025-04-10 12:54:33.307867,A
user_47,art_53,Teknologi,mobile,read_article,150,2025-04-03 12:54:33.307872,B
user_121,art_8,Politik,mobile,read_article,96,2025-04-20 12:54:33.307876,A
user_56,art_79,Olahraga,mobile,share_article,183,2025-04-03 12:54:33.307880,B
user_94,art_27,Hiburan,desktop,comment_submit,60,2025-04-19 12:54:33.307884,B
user_107,art_46,Olahraga,mobile,comment_submit,159,2025-03-25 12:54:33.307889,B
user_63,art_50,Hiburan,desktop,share_article,164,2025-03-28 12:54:33.307893,A
user_48,art_71,Olahraga,mobile,read_article,115,2025-04-12 12:54:33.307898,A
user_61,art_3,Ekonomi,desktop,read_article,141,2025-04-21 12:54:33.307902,B
user_81,art_93,Hiburan,mobile,read_article,236,2025-04-09 12:54:33.307906,A
user_26,art_64,Olahraga,mobile,read_article,224,2025-04-11 12:54:33.307910,B
user_36,art_44,Politik,desktop,read_article,72,2025-03-24 12:54:33.307917,B
user_1,art_53,Ekonomi,desktop,read_article,253,2025-04-06 12:54:33.307925,A
user_8,art_24,Ekonomi,desktop,read_article,10,2025-04-11 12:54:33.307933,A
user_113,art_60,Politik,desktop,read_article,284,2025-03-28 12:54:33.307941,A
user_99,art_3,Olahraga,desktop,read_article,98,2025-04-11 12:54:33.307948,A
user_180,art_20,Teknologi,desktop,read_article,273,2025-04-22 12:54:33.307953,B
user_47,art_46,Politik,mobile,share_article,201,2025-04-10 12:54:33.307958,A
user_127,art_15,Olahraga,desktop,comment_submit,29,2025-04-09 12:54:33.307972,A
user_56,art_25,Politik,mobile,share_article,152,2025-03-30 12:54:33.307977,B
user_14,art_94,Politik,mobile,read_article,122,2025-03-24 12:54:33.307981,B
user_28,art_78,Hiburan,desktop,read_article,70,2025-04-21 12:54:33.307985,B
user_78,art_71,Olahraga,mobile,comment_submit,179,2025-04-11 12:54:33.307990,B
user_130,art_17,Teknologi,desktop,read_article,80,2025-03-28 12:54:33.307994,A
user_109,art_84,Hiburan,desktop,read_article,118,2025-04-02 12:54:33.307998,A
user_154,art_100,Politik,mobile,read_article,115,2025-03-26 12:54:33.308003,B
user_14,art_9,Politik,mobile,read_article,253,2025-04-07 12:54:33.308007,B
user_187,art_38,Politik,desktop,read_article,207,2025-04-19 12:54:33.308011,A
user_56,art_48,Olahraga,desktop,read_article,151,2025-04-15 12:54:33.308016,A
user_115,art_60,Olahraga,mobile,read_article,39,2025-04-21 12:54:33.308021,A
user_7,art_63,Hiburan,mobile,read_article,30,2025-04-13 12:54:33.308025,A
user_3,art_86,Teknologi,mobile,read_article,242,2025-04-14 12:54:33.308029,A
user_111,art_2,Hiburan,mobile,comment_submit,18,2025-03-31 12:54:33.308034,B
user_151,art_88,Ekonomi,desktop,read_article,49,2025-04-08 12:54:33.308038,B
user_107,art_72,Politik,desktop,read_article,220,2025-04-10 12:54:33.308042,B
user_18,art_11,Politik,desktop,comment_submit,237,2025-03-31 12:54:33.308050,B
user_38,art_64,Politik,desktop,read_article,197,2025-04-06 12:54:33.308055,A
user_115,art_77,Hiburan,mobile,read_article,55,2025-03-24 12:54:33.308059,B
user_15,art_81,Hiburan,mobile,read_article,218,2025-04-07 12:54:33.308063,A
user_192,art_72,Politik,desktop,read_article,155,2025-03-26 12:54:33.308068,A
user_119,art_21,Hiburan,desktop,read_article,279,2025-04-21 12:54:33.308072,A
user_28,art_18,Olahraga,desktop,comment_submit,80,2025-04-03 12:54:33.308077,A
user_39,art_94,Olahraga,desktop,read_article,224,2025-04-03 12:54:33.308081,A
user_185,art_64,Hiburan,desktop,read_article,191,2025-03-27 12:54:33.308085,A
user_17,art_82,Politik,desktop,read_article,293,2025-04-09 12:54:33.308090,A
user_86,art_95,Hiburan,desktop,read_article,32,2025-04-20 12:54:33.308094,B
user_126,art_38,Hiburan,desktop,read_article,184,2025-03-31 12:54:33.308098,A
user_44,art_32,Hiburan,desktop,read_article,257,2025-04-11 12:54:33.308103,B
user_25,art_11,Ekonomi,mobile,read_article,130,2025-04-15 12:54:33.308107,B
user_145,art_45,Olahraga,desktop,read_article,181,2025-04-21 12:54:33.308111,A
user_13,art_89,Teknologi,mobile,read_article,41,2025-04-19 12:54:33.308115,A
user_25,art_33,Teknologi,mobile,read_article,103,2025-04-09 12:54:33.308120,B
user_68,art_41,Ekonomi,desktop,comment_submit,102,2025-04-07 12:54:33.308124,B
user_138,art_8,Hiburan,desktop,read_article,131,2025-04-04 12:54:33.308128,B
user_67,art_11,Ekonomi,mobile,read_article,172,2025-04-21 12:54:33.308132,B
user_109,art_86,Ekonomi,mobile,read_article,84,2025-04-11 12:54:33.308137,A
user_146,art_51,Politik,desktop,comment_submit,298,2025-03-25 12:54:33.308141,A
user_111,art_88,Olahraga,mobile,read_article,130,2025-04-09 12:54:33.308146,A
user_111,art_41,Teknologi,desktop,read_article,154,2025-04-17 12:54:33.308150,B
user_34,art_17,Hiburan,desktop,comment_submit,20,2025-04-10 12:54:33.308154,A
user_111,art_76,Teknologi,desktop,comment_submit,32,2025-04-19 12:54:33.308158,B
user_8,art_46,Teknologi,mobile,read_article,177,2025-04-01 12:54:33.308162,A
